{
  "dnn": {
    "parameters": 12737.0,
    "ratio": 0.9277441911282687,
    "diff": 0.07225580887173137,
    "best_loss": 5.516814417205751e-05,
    "fitness": 18123.11767648041,
    "relative_l2_error": 0.013150072129608082
  }
}