{
  "attention": {
    "parameters": 13627.0,
    "ratio": 0.992570471265205,
    "diff": 0.00742952873479496,
    "best_loss": 0.00010146613931283355,
    "fitness": 9854.533358991628,
    "relative_l2_error": 0.013785502158065701
  }
}